<?xml version="1.0" encoding="ISO-8859-1"?>
  <Model commandLine="" date="">
    <Option name="use_types" value="#off#"/>
    <Option name="imported_root_package" value="#off#"/>
    <Option name="root_package" value="#off#"/>
    <Option name="xml_basename" value="kcg_xml_filter_out.scade"/>
    <Option name="state_vector" value="#off#"/>
    <Option name="static" value="#off#"/>
    <Option name="separate_io_all" value="#off#"/>
    <Option name="no_separate_io" value="#off#"/>
    <Option name="separate_io" value="#off#"/>
    <Option name="warn_error" value="#off#"/>
    <Option name="short_circuit" value="#off#"/>
    <Option name="wrap_c_ops" value="#off#"/>
    <Option name="input_file" value="C:/Users/v8/Fuel_Management/FuelManagement/Simulation/scade_model_without_unused.scade"/>
    <Option name="probes" value="#on#"/>
    <Option name="no_observe" value="#off#"/>
    <Option name="observe" value="#off#"/>
    <Option name="debug" value="#on#"/>
    <Option name="user_config" value="./user_macros.h"/>
    <Option name="input_threshold" value="2"/>
    <Option name="header" value="#off#"/>
    <Option name="significance_length" value="31"/>
    <Option name="name_length" value="200"/>
    <Option name="globals_prefix" value="#off#"/>
    <Option name="keep_asserts" value="#off#"/>
    <Option name="global_root_context" value="#off#"/>
    <Option name="noexp" value="#off#"/>
    <Option name="exp" value="#off#"/>
    <Option name="expall" value="#on#"/>
    <Option name="target_dir" value="C:/Users/v8/Fuel_Management/FuelManagement/Simulation"/>
    <Option name="target" value="C"/>
    <Option name="root" value="Main"/>
    <Option name="auth" value="#off#"/>
    <Constant macroDef="true" scadeName="CLOSED_ID" scadeType="uint32" targetName="CLOSED_ID" targetType="kcg_uint32"/>
    <Constant macroDef="true" scadeName="OPEN_ID" scadeType="uint32" targetName="OPEN_ID" targetType="kcg_uint32"/>
    <Constant macroDef="true" scadeName="A661_FALSE" scadeType="bool" targetName="A661_FALSE" targetType="kcg_bool"/>
    <Constant macroDef="true" scadeName="FUEL_INCREMENT" scadeType="uint32" targetName="FUEL_INCREMENT" targetType="kcg_uint32"/>
    <Constant macroDef="true" scadeName="MAX_FUEL_LEVEL" scadeType="uint32" targetName="MAX_FUEL_LEVEL" targetType="kcg_uint32"/>
    <Constant macroDef="true" scadeName="FUEL_LEVEL_OFFSET" scadeType="uint32" targetName="FUEL_LEVEL_OFFSET" targetType="kcg_uint32"/>
    <Constant macroDef="true" scadeName="A661_TRUE" scadeType="bool" targetName="A661_TRUE" targetType="kcg_bool"/>
    <Constant macroDef="true" scadeName="ALCOHOL_COLOR" scadeType="uint8" targetName="ALCOHOL_COLOR" targetType="kcg_uint8"/>
    <Constant macroDef="true" scadeName="DIESEL_COLOR" scadeType="uint8" targetName="DIESEL_COLOR" targetType="kcg_uint8"/>
    <Constant macroDef="true" scadeName="GASOLINE_COLOR" scadeType="uint8" targetName="GASOLINE_COLOR" targetType="kcg_uint8"/>
    <NamedType refType="intMsg2" scadeName="intMsg2" targetName="intMsg2"/>
    <NamedType refType="BoolMsg" scadeName="BoolMsg" targetName="BoolMsg"/>
    <NamedType refType="intMsg" scadeName="intMsg" targetName="intMsg"/>
    <RootNode headerFile="Main.h" scadeName="Main" targetCycleFct="Main" targetInitFct="Main_reset" targetInitializationFct="Main_init">
      <Input inCtx="true" scadeName="TankStatus" scadeType="bool" targetName="TankStatus" targetType="kcg_bool"/>
      <Input inCtx="true" scadeName="FuelType" scadeType="uint16" targetName="FuelType" targetType="kcg_uint16"/>
      <Input inCtx="true" scadeName="Refuel" scadeType="bool" targetName="Refuel" targetType="kcg_bool"/>
      <Input inCtx="true" scadeName="EmptyTank" scadeType="bool" targetName="EmptyTank" targetType="kcg_bool"/>
      <Output inCtx="true" scadeName="LayerVisible" scadeType="bool" targetName="LayerVisible" targetType="kcg_bool"/>
      <Output inCtx="true" scadeName="FuelVisible" scadeType="BoolMsg" targetName="FuelVisible" targetType="BoolMsg"/>
      <Output inCtx="true" scadeName="FuelLevel" scadeType="intMsg" targetName="FuelLevel" targetType="intMsg"/>
      <Output inCtx="true" scadeName="RefuelEnable" scadeType="intMsg2" targetName="RefuelEnable" targetType="intMsg2"/>
      <Output inCtx="true" scadeName="FuelTypeEnable" scadeType="intMsg2" targetName="FuelTypeEnable" targetType="intMsg2"/>
      <Output inCtx="true" scadeName="TankFullVisible" scadeType="BoolMsg" targetName="TankFullVisible" targetType="BoolMsg"/>
      <Output inCtx="true" scadeName="FuelColor" scadeType="intMsg2" targetName="FuelColor" targetType="intMsg2"/>
      <Local inCtx="true" scadeName="tank_status" scadeType="uint32" targetName="tank_status" targetType="kcg_uint32"/>
      <Local inCtx="true" scadeName="_L1" scadeType="bool" targetName="_L1" targetType="kcg_bool"/>
      <Local inCtx="true" scadeName="_L2" scadeType="bool" targetName="_L2" targetType="kcg_bool"/>
      <Local inCtx="true" scadeName="_L3" scadeType="bool" targetName="_L3" targetType="kcg_bool"/>
      <Local inCtx="true" scadeName="_L4" scadeType="uint32" targetName="_L4" targetType="kcg_uint32"/>
      <Local inCtx="true" scadeName="_L6" scadeType="intMsg2" targetName="_L6" targetType="intMsg2"/>
      <Local inCtx="true" scadeName="_L5" scadeType="intMsg2" targetName="_L5" targetType="intMsg2"/>
      <Local inCtx="true" scadeName="_L8" scadeType="intMsg" targetName="_L8" targetType="intMsg"/>
      <Local inCtx="true" scadeName="_L7" scadeType="BoolMsg" targetName="_L7" targetType="BoolMsg"/>
      <Local inCtx="true" scadeName="_L9" scadeType="BoolMsg" targetName="_L9" targetType="BoolMsg"/>
      <Local inCtx="true" scadeName="_L10" scadeType="intMsg2" targetName="_L10" targetType="intMsg2"/>
      <Local inCtx="true" scadeName="_L11" scadeType="uint16" targetName="_L11" targetType="kcg_uint16"/>
      <Local inCtx="true" scadeName="_L13" scadeType="uint32" targetName="_L13" targetType="kcg_uint32"/>
      <Local inCtx="true" scadeName="_L14" scadeType="uint16" targetName="_L14" targetType="kcg_uint16"/>
      <Automaton scadeName="SM1" targetStatesType="SSM_ST_SM1" targetTransitionsType="SSM_TR_SM1">
        <State scadeName="TankClosed" targetName="SSM_st_TankClosed_SM1">
          <Local clockVal="SSM_st_TankClosed_SM1" clockVar="SM1_state_act" inCtx="true" scadeName="_L1" scadeType="uint32" targetName="_L1_TankClosed_SM1" targetType="kcg_uint32"/>
          <Fork priority="1">
            <Condition/>
            <Transition kind="strong" scadeDest="TankOpen" targetName="SSM_TR_TankClosed_TankOpen_1_TankClosed_SM1"/>
          </Fork>
        </State>
        <State scadeName="TankOpen" targetName="SSM_st_TankOpen_SM1">
          <Local clockVal="SSM_st_TankOpen_SM1" clockVar="SM1_state_act" inCtx="true" scadeName="_L1" scadeType="uint32" targetName="_L1_TankOpen_SM1" targetType="kcg_uint32"/>
          <Fork priority="1">
            <Condition/>
            <Transition kind="strong" scadeDest="TankClosed" targetName="SSM_TR_TankOpen_TankClosed_1_TankOpen_SM1"/>
          </Fork>
        </State>
        <ActiveState inCtx="true" targetName="SM1_state_act"/>
        <SelectedState inCtx="true" targetName="SM1_state_sel"/>
        <NextState inCtx="true" mem="true" targetName="SM1_state_nxt"/>
        <ResetActiveState inCtx="true" mem="true" targetName="SM1_reset_act"/>
        <ResetNextState inCtx="true" mem="true" targetName="SM1_reset_nxt"/>
        <StrongTransition inCtx="true" targetName="SM1_fired_strong"/>
        <WeakTransition inCtx="true" targetName="SM1_fired"/>
      </Automaton>
      <NodeInlining instName="1" scadeName="ShowLayer">
        <Output inCtx="true" scadeName="LayerVisible" scadeType="bool" targetName="LayerVisible_ShowLayer_1" targetType="kcg_bool"/>
        <Local inCtx="true" scadeName="_L1" scadeType="bool" targetName="_L1_ShowLayer_1" targetType="kcg_bool"/>
        <Local inCtx="true" scadeName="_L2" scadeType="bool" targetName="_L2_ShowLayer_1" targetType="kcg_bool"/>
        <FbyOp instName="1">
          <Init inCtx="true" targetName="init" targetType="kcg_bool"/>
          <Memory inCtx="true" targetName="_L2_ShowLayer_1" targetType="kcg_bool"/>
        </FbyOp>
      </NodeInlining>
      <NodeInlining instName="1" scadeName="SetFuelLevel">
        <Input inCtx="true" scadeName="Refuel" scadeType="bool" targetName="Refuel_SetFuelLevel_1" targetType="kcg_bool"/>
        <Input inCtx="true" scadeName="Empty" scadeType="bool" targetName="Empty_SetFuelLevel_1" targetType="kcg_bool"/>
        <Output inCtx="true" scadeName="FuelLevelValue" scadeType="uint32" targetName="FuelLevelValue_SetFuelLevel_1" targetType="kcg_uint32"/>
        <Local inCtx="true" scadeName="value" scadeType="uint32" targetName="value_SetFuelLevel_1" targetType="kcg_uint32"/>
        <Local inCtx="true" scadeName="_L1" scadeType="uint32" targetName="_L1_SetFuelLevel_1" targetType="kcg_uint32"/>
        <Local inCtx="true" scadeName="_L2" scadeType="uint32" targetName="_L2_SetFuelLevel_1" targetType="kcg_uint32"/>
        <Local inCtx="true" scadeName="_L3" scadeType="uint32" targetName="_L3_SetFuelLevel_1" targetType="kcg_uint32"/>
        <Local inCtx="true" scadeName="_L4" scadeType="bool" targetName="_L4_SetFuelLevel_1" targetType="kcg_bool"/>
        <Local inCtx="true" scadeName="_L5" scadeType="uint32" targetName="_L5_SetFuelLevel_1" targetType="kcg_uint32"/>
        <Local inCtx="true" scadeName="_L6" scadeType="uint32" targetName="_L6_SetFuelLevel_1" targetType="kcg_uint32"/>
        <Local inCtx="true" scadeName="_L8" scadeType="bool" targetName="_L8_SetFuelLevel_1" targetType="kcg_bool"/>
        <Local inCtx="true" scadeName="_L9" scadeType="bool" targetName="_L9_SetFuelLevel_1" targetType="kcg_bool"/>
        <Local inCtx="true" scadeName="_L10" scadeType="uint32" targetName="_L10_SetFuelLevel_1" targetType="kcg_uint32"/>
        <Local inCtx="true" scadeName="_L11" scadeType="uint32" targetName="_L11_SetFuelLevel_1" targetType="kcg_uint32"/>
        <Local inCtx="true" scadeName="_L12" scadeType="uint32" targetName="_L12_SetFuelLevel_1" targetType="kcg_uint32"/>
        <Local inCtx="true" scadeName="_L13" scadeType="uint32" targetName="_L13_SetFuelLevel_1" targetType="kcg_uint32"/>
        <Local inCtx="true" scadeName="_L14" scadeType="uint32" targetName="_L14_SetFuelLevel_1" targetType="kcg_uint32"/>
        <Local inCtx="true" scadeName="_L15" scadeType="uint32" targetName="_L15_SetFuelLevel_1" targetType="kcg_uint32"/>
        <Local inCtx="true" scadeName="_L16" scadeType="uint32" targetName="_L16_SetFuelLevel_1" targetType="kcg_uint32"/>
        <Local inCtx="true" scadeName="_L17" scadeType="uint32" targetName="_L17_SetFuelLevel_1" targetType="kcg_uint32"/>
        <Local inCtx="true" scadeName="_L18" scadeType="bool" targetName="_L18_SetFuelLevel_1" targetType="kcg_bool"/>
        <Local inCtx="true" scadeName="_L19" scadeType="uint32" targetName="_L19_SetFuelLevel_1" targetType="kcg_uint32"/>
        <Local inCtx="true" scadeName="_L20" scadeType="uint32" targetName="_L20_SetFuelLevel_1" targetType="kcg_uint32"/>
        <Local inCtx="true" scadeName="_L21" scadeType="uint32" targetName="_L21_SetFuelLevel_1" targetType="kcg_uint32"/>
        <Local inCtx="true" scadeName="_L22" scadeType="bool" targetName="_L22_SetFuelLevel_1" targetType="kcg_bool"/>
        <Local inCtx="true" scadeName="_L23" scadeType="bool" targetName="_L23_SetFuelLevel_1" targetType="kcg_bool"/>
        <Local inCtx="true" scadeName="_L24" scadeType="uint32" targetName="_L24_SetFuelLevel_1" targetType="kcg_uint32"/>
        <Local inCtx="true" scadeName="_L25" scadeType="uint32" targetName="_L25_SetFuelLevel_1" targetType="kcg_uint32"/>
        <Local inCtx="true" scadeName="_L26" scadeType="uint32" targetName="_L26_SetFuelLevel_1" targetType="kcg_uint32"/>
        <Local inCtx="true" scadeName="_L27" scadeType="uint32" targetName="_L27_SetFuelLevel_1" targetType="kcg_uint32"/>
        <FbyOp instName="1">
          <Init inCtx="true" targetName="init" targetType="kcg_bool"/>
          <Memory inCtx="true" targetName="_L3_SetFuelLevel_1" targetType="kcg_uint32"/>
        </FbyOp>
      </NodeInlining>
      <NodeInlining instName="1" scadeName="EnableWidgets">
        <Input inCtx="true" scadeName="FuelType" scadeType="uint16" targetName="FuelType_EnableWidgets_1" targetType="kcg_uint16"/>
        <Input inCtx="true" scadeName="FuelStatus" scadeType="uint32" targetName="FuelStatus_EnableWidgets_1" targetType="kcg_uint32"/>
        <Input inCtx="true" scadeName="FuelLevelValue" scadeType="uint32" targetName="FuelLevelValue_EnableWidgets_1" targetType="kcg_uint32"/>
        <Output inCtx="true" scadeName="RefuelEnable" scadeType="intMsg2" targetName="RefuelEnable_EnableWidgets_1" targetType="intMsg2"/>
        <Output inCtx="true" scadeName="FuelTypeEnable" scadeType="intMsg2" targetName="FuelTypeEnable_EnableWidgets_1" targetType="intMsg2"/>
        <Local inCtx="true" scadeName="_L1" scadeType="bool" targetName="_L1_EnableWidgets_1" targetType="kcg_bool"/>
        <Local inCtx="true" scadeName="_L2" scadeType="{Emit: bool, Value: uint8}" targetName="_L2_EnableWidgets_1" targetType="intMsg2"/>
        <Local inCtx="true" scadeName="_L3" scadeType="bool" targetName="_L3_EnableWidgets_1" targetType="kcg_bool"/>
        <Local inCtx="true" scadeName="_L4" scadeType="bool" targetName="_L4_EnableWidgets_1" targetType="kcg_bool"/>
        <Local inCtx="true" scadeName="_L5" scadeType="bool" targetName="_L5_EnableWidgets_1" targetType="kcg_bool"/>
        <Local inCtx="true" scadeName="_L6" scadeType="bool" targetName="_L6_EnableWidgets_1" targetType="kcg_bool"/>
        <Local inCtx="true" scadeName="_L7" scadeType="uint8" targetName="_L7_EnableWidgets_1" targetType="kcg_uint8"/>
        <Local inCtx="true" scadeName="_L8" scadeType="uint8" targetName="_L8_EnableWidgets_1" targetType="kcg_uint8"/>
        <Local inCtx="true" scadeName="_L9" scadeType="uint8" targetName="_L9_EnableWidgets_1" targetType="kcg_uint8"/>
        <Local inCtx="true" scadeName="_L10" scadeType="uint8" targetName="_L10_EnableWidgets_1" targetType="kcg_uint8"/>
        <Local inCtx="true" scadeName="_L14" scadeType="{Emit: bool, Value: uint8}" targetName="_L14_EnableWidgets_1" targetType="intMsg2"/>
        <Local inCtx="true" scadeName="_L15" scadeType="bool" targetName="_L15_EnableWidgets_1" targetType="kcg_bool"/>
        <Local inCtx="true" scadeName="_L16" scadeType="uint16" targetName="_L16_EnableWidgets_1" targetType="kcg_uint16"/>
        <Local inCtx="true" scadeName="_L17" scadeType="uint32" targetName="_L17_EnableWidgets_1" targetType="kcg_uint32"/>
        <Local inCtx="true" scadeName="_L18" scadeType="uint32" targetName="_L18_EnableWidgets_1" targetType="kcg_uint32"/>
        <Local inCtx="true" scadeName="_L19" scadeType="uint16" targetName="_L19_EnableWidgets_1" targetType="kcg_uint16"/>
        <Local inCtx="true" scadeName="_L20" scadeType="uint32" targetName="_L20_EnableWidgets_1" targetType="kcg_uint32"/>
        <Local inCtx="true" scadeName="_L21" scadeType="uint32" targetName="_L21_EnableWidgets_1" targetType="kcg_uint32"/>
        <Local inCtx="true" scadeName="_L22" scadeType="uint32" targetName="_L22_EnableWidgets_1" targetType="kcg_uint32"/>
        <Local inCtx="true" scadeName="_L23" scadeType="uint32" targetName="_L23_EnableWidgets_1" targetType="kcg_uint32"/>
      </NodeInlining>
      <NodeInlining instName="1" scadeName="RepaintFuelLevel">
        <Input inCtx="true" scadeName="Value" scadeType="uint32" targetName="Value_RepaintFuelLevel_1" targetType="kcg_uint32"/>
        <Output inCtx="true" scadeName="FuelVisible" scadeType="BoolMsg" targetName="FuelVisible_RepaintFuelLevel_1" targetType="BoolMsg"/>
        <Output inCtx="true" scadeName="FuelLevel" scadeType="intMsg" targetName="FuelLevel_RepaintFuelLevel_1" targetType="intMsg"/>
        <Local inCtx="true" scadeName="_L1" scadeType="{Emit: bool, Value: bool}" targetName="_L1_RepaintFuelLevel_1" targetType="BoolMsg"/>
        <Local inCtx="true" scadeName="_L3" scadeType="{Emit: bool, Value: uint32}" targetName="_L3_RepaintFuelLevel_1" targetType="intMsg"/>
        <Local inCtx="true" scadeName="_L4" scadeType="bool" targetName="_L4_RepaintFuelLevel_1" targetType="kcg_bool"/>
        <Local inCtx="true" scadeName="_L5" scadeType="bool" targetName="_L5_RepaintFuelLevel_1" targetType="kcg_bool"/>
        <Local inCtx="true" scadeName="_L6" scadeType="uint32" targetName="_L6_RepaintFuelLevel_1" targetType="kcg_uint32"/>
        <Local inCtx="true" scadeName="_L7" scadeType="bool" targetName="_L7_RepaintFuelLevel_1" targetType="kcg_bool"/>
        <Local inCtx="true" scadeName="_L8" scadeType="uint32" targetName="_L8_RepaintFuelLevel_1" targetType="kcg_uint32"/>
        <Local inCtx="true" scadeName="_L9" scadeType="bool" targetName="_L9_RepaintFuelLevel_1" targetType="kcg_bool"/>
        <Local inCtx="true" scadeName="_L10" scadeType="bool" targetName="_L10_RepaintFuelLevel_1" targetType="kcg_bool"/>
        <Local inCtx="true" scadeName="_L11" scadeType="bool" targetName="_L11_RepaintFuelLevel_1" targetType="kcg_bool"/>
      </NodeInlining>
      <NodeInlining instName="1" scadeName="SetTankFullVisible">
        <Input inCtx="true" scadeName="FuelLevelValue" scadeType="uint32" targetName="FuelLevelValue_SetTankFullVisible_1" targetType="kcg_uint32"/>
        <Output inCtx="true" scadeName="TankFullVisible" scadeType="BoolMsg" targetName="TankFullVisible_SetTankFullVisible_1" targetType="BoolMsg"/>
        <Local inCtx="true" scadeName="_L1" scadeType="bool" targetName="_L1_SetTankFullVisible_1" targetType="kcg_bool"/>
        <Local inCtx="true" scadeName="_L2" scadeType="{Emit: bool, Value: bool}" targetName="_L2_SetTankFullVisible_1" targetType="BoolMsg"/>
        <Local inCtx="true" scadeName="_L3" scadeType="bool" targetName="_L3_SetTankFullVisible_1" targetType="kcg_bool"/>
        <Local inCtx="true" scadeName="_L4" scadeType="uint32" targetName="_L4_SetTankFullVisible_1" targetType="kcg_uint32"/>
        <Local inCtx="true" scadeName="_L5" scadeType="uint32" targetName="_L5_SetTankFullVisible_1" targetType="kcg_uint32"/>
        <Local inCtx="true" scadeName="_L6" scadeType="bool" targetName="_L6_SetTankFullVisible_1" targetType="kcg_bool"/>
        <Local inCtx="true" scadeName="_L7" scadeType="bool" targetName="_L7_SetTankFullVisible_1" targetType="kcg_bool"/>
        <Local inCtx="true" scadeName="_L8" scadeType="bool" targetName="_L8_SetTankFullVisible_1" targetType="kcg_bool"/>
      </NodeInlining>
      <NodeInlining instName="1" scadeName="SetFuelColor">
        <Input inCtx="true" scadeName="FuelType" scadeType="uint16" targetName="FuelType_SetFuelColor_1" targetType="kcg_uint16"/>
        <Output inCtx="true" scadeName="FuelColor" scadeType="intMsg2" targetName="FuelColor_SetFuelColor_1" targetType="intMsg2"/>
        <Local inCtx="true" scadeName="_L1" scadeType="uint8" targetName="_L1_SetFuelColor_1" targetType="kcg_uint8"/>
        <Local inCtx="true" scadeName="_L2" scadeType="{Emit: bool, Value: uint8}" targetName="_L2_SetFuelColor_1" targetType="intMsg2"/>
        <Local inCtx="true" scadeName="_L3" scadeType="uint16" targetName="_L3_SetFuelColor_1" targetType="kcg_uint16"/>
        <Local inCtx="true" scadeName="_L4" scadeType="bool" targetName="_L4_SetFuelColor_1" targetType="kcg_bool"/>
        <Local inCtx="true" scadeName="_L5" scadeType="uint8" targetName="_L5_SetFuelColor_1" targetType="kcg_uint8"/>
        <Local inCtx="true" scadeName="_L6" scadeType="uint8" targetName="_L6_SetFuelColor_1" targetType="kcg_uint8"/>
        <Local inCtx="true" scadeName="_L7" scadeType="uint8" targetName="_L7_SetFuelColor_1" targetType="kcg_uint8"/>
      </NodeInlining>
      <Init inCtx="true" targetName="init" targetType="kcg_bool"/>
      <Memory inCtx="true" targetName="_L2_ShowLayer_1" targetType="kcg_bool"/>
      <Memory inCtx="true" targetName="_L3_SetFuelLevel_1" targetType="kcg_uint32"/>
      <Memory inCtx="true" targetName="SM1_state_nxt" targetType="SSM_ST_SM1"/>
      <Clock inCtx="true" targetName="SM1_state_act" targetType="SSM_ST_SM1"/>
      <OutCtxType targetName="outC_Main"/>
      <InCtxType targetName="inC_Main"/>
    </RootNode>
    <ExpNode scadeName="ShowLayer"/>
    <ExpNode scadeName="SetFuelLevel"/>
    <ExpNode scadeName="EnableWidgets"/>
    <ExpNode scadeName="RepaintFuelLevel"/>
    <ExpNode scadeName="SetTankFullVisible"/>
    <ExpNode scadeName="SetFuelColor"/>
    <StructType targetCompFct="kcg_comp_intMsg2" targetCopyFct="kcg_copy_intMsg2" targetName="intMsg2">
      <Field scadeName="Emit" scadeType="kcg_bool" targetName="Emit" targetType="kcg_bool"/>
      <Field scadeName="Value" scadeType="kcg_uint8" targetName="Value" targetType="kcg_uint8"/>
    </StructType>
    <StructType targetCompFct="kcg_comp_intMsg" targetCopyFct="kcg_copy_intMsg" targetName="intMsg">
      <Field scadeName="Emit" scadeType="kcg_bool" targetName="Emit" targetType="kcg_bool"/>
      <Field scadeName="Value" scadeType="kcg_uint32" targetName="Value" targetType="kcg_uint32"/>
    </StructType>
    <StructType targetCompFct="kcg_comp_BoolMsg" targetCopyFct="kcg_copy_BoolMsg" targetName="BoolMsg">
      <Field scadeName="Emit" scadeType="kcg_bool" targetName="Emit" targetType="kcg_bool"/>
      <Field scadeName="Value" scadeType="kcg_bool" targetName="Value" targetType="kcg_bool"/>
    </StructType>
    <PredefType scadeName="int8" targetName="kcg_int8"/>
    <PredefType scadeName="int16" targetName="kcg_int16"/>
    <PredefType scadeName="int32" targetName="kcg_int32"/>
    <PredefType scadeName="int64" targetName="kcg_int64"/>
    <PredefType scadeName="uint8" targetName="kcg_uint8"/>
    <PredefType scadeName="uint16" targetName="kcg_uint16"/>
    <PredefType scadeName="uint32" targetName="kcg_uint32"/>
    <PredefType scadeName="uint64" targetName="kcg_uint64"/>
    <PredefType scadeName="size" targetName="kcg_size"/>
    <PredefType scadeName="float32" targetName="kcg_float32"/>
    <PredefType scadeName="float64" targetName="kcg_float64"/>
    <PredefType scadeName="bool" targetName="kcg_bool"/>
    <PredefType scadeName="char" targetName="kcg_char"/>
  </Model>
