<?xml version="1.0" encoding="UTF-8"?>
<!DOCTYPE a661_df SYSTEM "a661.dtd">

<!--
** File C:\Users\v8\scade-integration-example-1\Team2\DefinitionFile\DF\UA_2.df.xml
**
** Automatically generated by ANSYS(R) SCADE(R) - UA DF Generator
** Version develop 2020 R2 (build 20200528T211637)
**
** Date of generation: 2020-10-28T20:36:39
** Command line: C:\Program Files\ANSYS Inc\v202\SCADE\SCADE A661\bin\dfgen.exe -config C:\Users\v8\scade-integration-example-1\Team2\DefinitionFile\dfgen_config_UA_2.txt
-->

<a661_df name="UA_2" library_version="1" supp_version="6">
 <model>
  <prop name="ApplicationId" value="2" />
 </model>
 <a661_layer name="a661_layer">
  <model>
   <prop name="LayerId" value="1" />
   <prop name="ContextNumber" value="0" />
   <prop name="Height" value="5120" />
   <prop name="Width" value="5120" />
  </model>
  <a661_widget name="PushButton" type="A661_PUSH_BUTTON">
   <model>
    <prop name="WidgetIdent" value="1" />
    <prop name="Enable" value="A661_TRUE" />
    <prop name="Visible" value="A661_TRUE" />
    <prop name="PosX" value="1200" />
    <prop name="PosY" value="3280" />
    <prop name="SizeX" value="3000" />
    <prop name="SizeY" value="800" />
    <prop name="StyleSet" value="110" />
    <prop name="NextFocusedWidget" value="0" />
    <prop name="MaxStringLength" value="32" />
    <prop name="AutomaticFocusMotion" value="A661_FALSE" />
    <prop name="Alignment" value="A661_CENTER" />
    <prop name="LabelString" value="Send" />
   </model>
  </a661_widget>
  <a661_widget name="GpArcCircle" type="A661_GP_ARC_CIRCLE">
   <model>
    <prop name="WidgetIdent" value="2" />
    <prop name="Anonymous" value="A661_FALSE" />
    <prop name="Visible" value="A661_TRUE" />
    <prop name="PosX" value="2500" />
    <prop name="PosY" value="800" />
    <prop name="StartAngle" value="-2147483648" />
    <prop name="EndAngle" value="2147483647" />
    <prop name="Radius" value="500" />
    <prop name="StyleSet" value="1" />
    <prop name="ColorIndex" value="1" />
    <prop name="Filled" value="A661_TRUE" />
    <prop name="FillIndex" value="21" />
    <prop name="Halo" value="A661_FALSE" />
   </model>
  </a661_widget>
  <a661_widget name="Label" type="A661_LABEL">
   <model>
    <prop name="WidgetIdent" value="3" />
    <prop name="Anonymous" value="A661_FALSE" />
    <prop name="Visible" value="A661_TRUE" />
    <prop name="PosX" value="1180" />
    <prop name="PosY" value="2040" />
    <prop name="SizeX" value="3000" />
    <prop name="SizeY" value="800" />
    <prop name="RotationAngle" value="0" />
    <prop name="StyleSet" value="1" />
    <prop name="MaxStringLength" value="32" />
    <prop name="MotionAllowed" value="A661_TRUE" />
    <prop name="Font" value="0" />
    <prop name="ColorIndex" value="1" />
    <prop name="Alignment" value="A661_CENTER" />
    <prop name="LabelString" value="Receive" />
   </model>
  </a661_widget>
  <a661_widget name="Label" type="A661_LABEL">
   <model>
    <prop name="WidgetIdent" value="4" />
    <prop name="Anonymous" value="A661_FALSE" />
    <prop name="Visible" value="A661_TRUE" />
    <prop name="PosX" value="1180" />
    <prop name="PosY" value="4240" />
    <prop name="SizeX" value="3000" />
    <prop name="SizeY" value="800" />
    <prop name="RotationAngle" value="0" />
    <prop name="StyleSet" value="1" />
    <prop name="MaxStringLength" value="32" />
    <prop name="MotionAllowed" value="A661_TRUE" />
    <prop name="Font" value="0" />
    <prop name="ColorIndex" value="1" />
    <prop name="Alignment" value="A661_CENTER" />
    <prop name="LabelString" value="Team 2" />
   </model>
  </a661_widget>
 </a661_layer>
</a661_df>

<!--
** End of file
** End of generation: 2020-10-28T20:36:39
-->

