<?xml version="1.0" encoding="ISO-8859-1"?>
  <Model commandLine="" date="">
    <Option name="use_types" value="#off#"/>
    <Option name="imported_root_package" value="#off#"/>
    <Option name="root_package" value="#off#"/>
    <Option name="xml_basename" value="kcg_xml_filter_out.scade"/>
    <Option name="state_vector" value="#off#"/>
    <Option name="static" value="#off#"/>
    <Option name="no_separate_io" value="#off#"/>
    <Option name="separate_io" value="#off#"/>
    <Option name="separate_io_all" value="#on#"/>
    <Option name="warn_error" value="#off#"/>
    <Option name="short_circuit" value="#off#"/>
    <Option name="wrap_c_ops" value="#off#"/>
    <Option name="input_file" value="C:/Users/v8/scade-integration-example-1/Team2/UserApplication/project2/Simulation/scade_model_without_unused.scade"/>
    <Option name="probes" value="#on#"/>
    <Option name="no_observe" value="#off#"/>
    <Option name="observe" value="#off#"/>
    <Option name="debug" value="#on#"/>
    <Option name="user_config" value="./user_macros.h"/>
    <Option name="input_threshold" value="2"/>
    <Option name="header" value="#off#"/>
    <Option name="significance_length" value="31"/>
    <Option name="name_length" value="200"/>
    <Option name="globals_prefix" value="#off#"/>
    <Option name="keep_asserts" value="#off#"/>
    <Option name="global_root_context" value="#off#"/>
    <Option name="noexp" value="#off#"/>
    <Option name="exp" value="#off#"/>
    <Option name="expall" value="#on#"/>
    <Option name="target_dir" value="C:/Users/v8/scade-integration-example-1/Team2/UserApplication/project2/Simulation"/>
    <Option name="target" value="C"/>
    <Option name="root" value="projeto2"/>
    <Option name="auth" value="#off#"/>
    <Constant macroDef="true" scadeName="GREEN" scadeType="uint8" targetName="GREEN" targetType="kcg_uint8"/>
    <Constant macroDef="true" scadeName="RED" scadeType="uint8" targetName="RED" targetType="kcg_uint8"/>
    <RootNode headerFile="projeto2.h" scadeName="projeto2" targetCycleFct="projeto2" targetInitFct="projeto2_reset" targetInitializationFct="projeto2_init">
      <Input inCtx="true" scadeName="SignalFromButton" scadeType="bool" targetName="SignalFromButton" targetType="kcg_bool"/>
      <Input inCtx="true" scadeName="SignalFromTeam1" scadeType="bool" targetName="SignalFromTeam1" targetType="kcg_bool"/>
      <Output inCtx="true" scadeName="ReqLayerVisible" scadeType="bool" targetName="ReqLayerVisible" targetType="kcg_bool"/>
      <Output inCtx="true" scadeName="ReqLayerActive" scadeType="bool" targetName="ReqLayerActive" targetType="kcg_bool"/>
      <Output inCtx="true" scadeName="SignalToTeam1" scadeType="bool" targetName="SignalToTeam1" targetType="kcg_bool"/>
      <Output inCtx="true" scadeName="SignalToLED" scadeType="uint8" targetName="SignalToLED" targetType="kcg_uint8"/>
      <Output inCtx="true" scadeName="EmitToCDS" scadeType="bool" targetName="EmitToCDS" targetType="kcg_bool"/>
      <Local inCtx="true" scadeName="_L1" scadeType="bool" targetName="_L1" targetType="kcg_bool"/>
      <Local inCtx="true" scadeName="_L3" scadeType="bool" targetName="_L3" targetType="kcg_bool"/>
      <Local inCtx="true" scadeName="_L4" scadeType="bool" targetName="_L4" targetType="kcg_bool"/>
      <Local inCtx="true" scadeName="_L5" scadeType="bool" targetName="_L5" targetType="kcg_bool"/>
      <Local inCtx="true" scadeName="_L6" scadeType="bool" targetName="_L6" targetType="kcg_bool"/>
      <Local inCtx="true" scadeName="_L7" scadeType="uint8" targetName="_L7" targetType="kcg_uint8"/>
      <Local inCtx="true" scadeName="_L8" scadeType="uint8" targetName="_L8" targetType="kcg_uint8"/>
      <Local inCtx="true" scadeName="_L9" scadeType="uint8" targetName="_L9" targetType="kcg_uint8"/>
      <Local inCtx="true" scadeName="_L10" scadeType="bool" targetName="_L10" targetType="kcg_bool"/>
      <FbyOp instName="1">
        <Init inCtx="true" targetName="init" targetType="kcg_bool"/>
        <Memory inCtx="true" targetName="_L1" targetType="kcg_bool"/>
      </FbyOp>
      <NodeInlining instName="1" scadeName="Toggle">
        <Input inCtx="true" scadeName="Input" scadeType="bool" targetName="Input_Toggle_1" targetType="kcg_bool"/>
        <Output inCtx="true" scadeName="Output" scadeType="bool" targetName="Output_Toggle_1" targetType="kcg_bool"/>
        <Local inCtx="true" scadeName="_L4" scadeType="bool" targetName="_L4_Toggle_1" targetType="kcg_bool"/>
        <Local inCtx="true" scadeName="_L3" scadeType="bool" targetName="_L3_Toggle_1" targetType="kcg_bool"/>
        <Local inCtx="true" scadeName="_L2" scadeType="bool" targetName="_L2_Toggle_1" targetType="kcg_bool"/>
        <Local inCtx="true" scadeName="_L1" scadeType="bool" targetName="_L1_Toggle_1" targetType="kcg_bool"/>
        <FbyOp instName="1">
          <Init inCtx="true" targetName="init" targetType="kcg_bool"/>
          <Memory inCtx="true" targetName="_L1_Toggle_1" targetType="kcg_bool"/>
        </FbyOp>
      </NodeInlining>
      <Init inCtx="true" targetName="init" targetType="kcg_bool"/>
      <Memory inCtx="true" targetName="_L1_Toggle_1" targetType="kcg_bool"/>
      <Memory inCtx="true" targetName="_L1" targetType="kcg_bool"/>
      <OutCtxType targetName="outC_projeto2"/>
      <InCtxType targetName="inC_projeto2"/>
      <OutStructType targetName="outS_projeto2"/>
    </RootNode>
    <ExpNode scadeName="Toggle"/>
    <PredefType scadeName="int8" targetName="kcg_int8"/>
    <PredefType scadeName="int16" targetName="kcg_int16"/>
    <PredefType scadeName="int32" targetName="kcg_int32"/>
    <PredefType scadeName="int64" targetName="kcg_int64"/>
    <PredefType scadeName="uint8" targetName="kcg_uint8"/>
    <PredefType scadeName="uint16" targetName="kcg_uint16"/>
    <PredefType scadeName="uint32" targetName="kcg_uint32"/>
    <PredefType scadeName="uint64" targetName="kcg_uint64"/>
    <PredefType scadeName="size" targetName="kcg_size"/>
    <PredefType scadeName="float32" targetName="kcg_float32"/>
    <PredefType scadeName="float64" targetName="kcg_float64"/>
    <PredefType scadeName="bool" targetName="kcg_bool"/>
    <PredefType scadeName="char" targetName="kcg_char"/>
  </Model>
