<?xml version="1.0" encoding="UTF-8"?>
<!DOCTYPE a661_df SYSTEM "a661.dtd">

<!--
** File C:\Users\v8\landing_gear\LandingGear\Simulation\LandingGear_UA_1.df.xml
**
** Automatically generated by ANSYS(R) SCADE(R) - UA DF Generator
** Version develop 2020 R2 (build 20200528T211637)
**
** Date of generation: 2020-10-18T01:07:22
** Command line: C:\Program Files\ANSYS Inc\v202\SCADE\SCADE A661\bin\dfgen.exe -config C:\Users\v8\landing_gear\dfgen_config_LandingGear_UA_1.txt
-->

<a661_df name="LandingGear_UA_1" library_version="1" supp_version="6">
 <model>
  <prop name="ApplicationId" value="1" />
 </model>
 <charset-encoding name="utf-8" />
 <a661_layer name="a661_layer">
  <model>
   <prop name="LayerId" value="1" />
   <prop name="ContextNumber" value="0" />
   <prop name="Height" value="15360" />
   <prop name="Width" value="15360" />
  </model>
  <a661_widget name="Nose_GpRectangle" type="A661_GP_RECTANGLE">
   <model>
    <prop name="WidgetIdent" value="1" />
    <prop name="Anonymous" value="A661_FALSE" />
    <prop name="Visible" value="A661_TRUE" />
    <prop name="PosX" value="6500" />
    <prop name="PosY" value="6000" />
    <prop name="SizeX" value="1500" />
    <prop name="SizeY" value="1500" />
    <prop name="StyleSet" value="1" />
    <prop name="ColorIndex" value="1" />
    <prop name="Filled" value="A661_TRUE" />
    <prop name="FillIndex" value="74" />
    <prop name="Halo" value="A661_FALSE" />
   </model>
  </a661_widget>
  <a661_widget name="Left_GpRectangle" type="A661_GP_RECTANGLE">
   <model>
    <prop name="WidgetIdent" value="2" />
    <prop name="Anonymous" value="A661_FALSE" />
    <prop name="Visible" value="A661_TRUE" />
    <prop name="PosX" value="3000" />
    <prop name="PosY" value="3000" />
    <prop name="SizeX" value="1500" />
    <prop name="SizeY" value="1500" />
    <prop name="StyleSet" value="1" />
    <prop name="ColorIndex" value="1" />
    <prop name="Filled" value="A661_TRUE" />
    <prop name="FillIndex" value="74" />
    <prop name="Halo" value="A661_FALSE" />
   </model>
  </a661_widget>
  <a661_widget name="Right_GpRectangle" type="A661_GP_RECTANGLE">
   <model>
    <prop name="WidgetIdent" value="3" />
    <prop name="Anonymous" value="A661_FALSE" />
    <prop name="Visible" value="A661_TRUE" />
    <prop name="PosX" value="10000" />
    <prop name="PosY" value="3000" />
    <prop name="SizeX" value="1500" />
    <prop name="SizeY" value="1500" />
    <prop name="StyleSet" value="1" />
    <prop name="ColorIndex" value="1" />
    <prop name="Filled" value="A661_TRUE" />
    <prop name="FillIndex" value="74" />
    <prop name="Halo" value="A661_FALSE" />
   </model>
  </a661_widget>
  <a661_widget name="Nose_Label" type="A661_LABEL">
   <model>
    <prop name="WidgetIdent" value="4" />
    <prop name="Anonymous" value="A661_FALSE" />
    <prop name="Visible" value="A661_TRUE" />
    <prop name="PosX" value="6900" />
    <prop name="PosY" value="6000" />
    <prop name="SizeX" value="1500" />
    <prop name="SizeY" value="1500" />
    <prop name="RotationAngle" value="0" />
    <prop name="StyleSet" value="1" />
    <prop name="MaxStringLength" value="32" />
    <prop name="MotionAllowed" value="A661_TRUE" />
    <prop name="Font" value="3" />
    <prop name="ColorIndex" value="1" />
    <prop name="Alignment" value="A661_LEFT" />
    <prop name="LabelString" value="Up" />
   </model>
  </a661_widget>
  <a661_widget name="Left_Label" type="A661_LABEL">
   <model>
    <prop name="WidgetIdent" value="5" />
    <prop name="Anonymous" value="A661_FALSE" />
    <prop name="Visible" value="A661_TRUE" />
    <prop name="PosX" value="3400" />
    <prop name="PosY" value="3000" />
    <prop name="SizeX" value="1500" />
    <prop name="SizeY" value="1500" />
    <prop name="RotationAngle" value="0" />
    <prop name="StyleSet" value="1" />
    <prop name="MaxStringLength" value="32" />
    <prop name="MotionAllowed" value="A661_TRUE" />
    <prop name="Font" value="3" />
    <prop name="ColorIndex" value="1" />
    <prop name="Alignment" value="A661_LEFT" />
    <prop name="LabelString" value="Up" />
   </model>
  </a661_widget>
  <a661_widget name="Right_Label" type="A661_LABEL">
   <model>
    <prop name="WidgetIdent" value="6" />
    <prop name="Anonymous" value="A661_FALSE" />
    <prop name="Visible" value="A661_TRUE" />
    <prop name="PosX" value="10400" />
    <prop name="PosY" value="3000" />
    <prop name="SizeX" value="1500" />
    <prop name="SizeY" value="1500" />
    <prop name="RotationAngle" value="0" />
    <prop name="StyleSet" value="1" />
    <prop name="MaxStringLength" value="32" />
    <prop name="MotionAllowed" value="A661_TRUE" />
    <prop name="Font" value="3" />
    <prop name="ColorIndex" value="1" />
    <prop name="Alignment" value="A661_LEFT" />
    <prop name="LabelString" value="Up" />
   </model>
  </a661_widget>
  <a661_widget name="LG_Up_Pushbutton" type="A661_PUSH_BUTTON">
   <model>
    <prop name="WidgetIdent" value="7" />
    <prop name="Enable" value="A661_TRUE" />
    <prop name="Visible" value="A661_TRUE" />
    <prop name="PosX" value="3000" />
    <prop name="PosY" value="12000" />
    <prop name="SizeX" value="2500" />
    <prop name="SizeY" value="800" />
    <prop name="StyleSet" value="110" />
    <prop name="NextFocusedWidget" value="0" />
    <prop name="MaxStringLength" value="32" />
    <prop name="AutomaticFocusMotion" value="A661_FALSE" />
    <prop name="Alignment" value="A661_LEFT" />
    <prop name="LabelString" value="Up" />
   </model>
  </a661_widget>
  <a661_widget name="LG_Fail_Pushbutton" type="A661_PUSH_BUTTON">
   <model>
    <prop name="WidgetIdent" value="8" />
    <prop name="Enable" value="A661_TRUE" />
    <prop name="Visible" value="A661_TRUE" />
    <prop name="PosX" value="9000" />
    <prop name="PosY" value="12000" />
    <prop name="SizeX" value="2500" />
    <prop name="SizeY" value="800" />
    <prop name="StyleSet" value="110" />
    <prop name="NextFocusedWidget" value="0" />
    <prop name="MaxStringLength" value="32" />
    <prop name="AutomaticFocusMotion" value="A661_FALSE" />
    <prop name="Alignment" value="A661_LEFT" />
    <prop name="LabelString" value="Fail" />
   </model>
  </a661_widget>
 </a661_layer>
</a661_df>

<!--
** End of file
** End of generation: 2020-10-18T01:07:22
-->

