<?xml version="1.0" encoding="ISO-8859-1"?>
<!--$******* SCADE Suite KCG 32-bit 6.6.1 beta (build i1) ********
** Command: kcg661.exe -config C:/Users/v8/scade-integration-example-1/Team1/UserApplication/project1/Simulation/config.txt
** Generation date: 2020-10-28T19:42:45
*************************************************************$-->
<mapping>
  <config>
    <option name="use_types" value="#off#"/>
    <option name="imported_root_package" value="#off#"/>
    <option name="root_package" value="#off#"/>
    <option name="xml_basename" value="kcg_xml_filter_out.scade"/>
    <option name="state_vector" value="#off#"/>
    <option name="static" value="#off#"/>
    <option name="no_separate_io" value="#off#"/>
    <option name="separate_io" value="#off#"/>
    <option name="separate_io_all" value="#on#"/>
    <option name="warn_error" value="#off#"/>
    <option name="short_circuit" value="#off#"/>
    <option name="wrap_c_ops" value="#off#"/>
    <option name="input_file"
        value="C:/Users/v8/scade-integration-example-1/Team1/UserApplication/project1/Simulation/scade_model_without_unused.scade"/>
    <option name="probes" value="#on#"/>
    <option name="no_observe" value="#off#"/>
    <option name="observe" value="#off#"/>
    <option name="debug" value="#on#"/>
    <option name="user_config" value="./user_macros.h"/>
    <option name="input_threshold" value="2"/>
    <option name="header" value="#off#"/>
    <option name="significance_length" value="31"/>
    <option name="name_length" value="200"/>
    <option name="globals_prefix" value="#off#"/>
    <option name="keep_asserts" value="#off#"/>
    <option name="global_root_context" value="#off#"/>
    <option name="noexp" value="#off#"/>
    <option name="exp" value="#off#"/>
    <option name="expall" value="#on#"/>
    <option name="target_dir" value="C:/Users/v8/scade-integration-example-1/Team1/UserApplication/project1/Simulation"/>
    <option name="target" value="C"/>
    <option name="root" value="projeto1"/>
    <option name="auth" value="#off#"/>
  </config>
  <model>
    <predefType id="1" name="bool"/>
    <predefType id="2" name="char"/>
    <predefType id="3" name="int8"/>
    <predefType id="4" name="int16"/>
    <predefType id="5" name="int32"/>
    <predefType id="6" name="int64"/>
    <predefType id="7" name="uint8"/>
    <predefType id="8" name="uint16"/>
    <predefType id="9" name="uint32"/>
    <predefType id="10" name="uint64"/>
    <predefType id="11" name="float32"/>
    <predefType id="12" name="float64"/>
    <predefType id="13" name="size"/>
    <constant id="14" name="GREEN" imported="false" type="7"/>
    <constant id="15" name="RED" imported="false" type="7"/>
    <operator id="16" name="projeto1" imported="false" root="true" expanded="false">
      <input id="17" name="SignalFromButton" clock="false" type="1"/>
      <input id="18" name="SignalFromTeam2" clock="false" type="1"/>
      <output id="19" name="ReqLayerVisible" clock="false" type="1"/>
      <output id="20" name="ReqLayerActive" clock="false" type="1"/>
      <output id="21" name="SignalToTeam2" clock="false" type="1"/>
      <output id="22" name="SignalToLED" clock="false" type="7"/>
      <output id="23" name="EmitToCDS" clock="false" type="1"/>
      <local id="24" name="_L1" clock="false" type="1"/>
      <local id="25" name="_L3" clock="false" type="1"/>
      <local id="26" name="_L4" clock="false" type="1"/>
      <local id="27" name="_L5" clock="false" type="1"/>
      <local id="28" name="_L6" clock="false" type="1"/>
      <local id="29" name="_L7" clock="false" type="7"/>
      <local id="30" name="_L8" clock="false" type="7"/>
      <local id="31" name="_L9" clock="false" type="7"/>
      <local id="32" name="_L10" clock="false" type="1"/>
      <fby id="33" name="1"/>
      <instance id="34" name="1" op="42" expanded="true">
        <input id="35" name="Input" clock="false" type="1"/>
        <output id="36" name="Output" clock="false" type="1"/>
        <local id="37" name="_L4" clock="false" type="1"/>
        <local id="38" name="_L3" clock="false" type="1"/>
        <local id="39" name="_L2" clock="false" type="1"/>
        <local id="40" name="_L1" clock="false" type="1"/>
        <fby id="41" name="1"/>
      </instance>
    </operator>
    <operator id="42" name="Toggle" imported="false" root="false" expanded="true"/>
  </model>
  <generated>
    <c>
      <file id="43" name="projeto1.h">
        <function id="44" name="projeto1_init">
          <parameter id="45" name="outC" type="52" pointer="true"/>
        </function>
        <function id="46" name="projeto1_reset">
          <parameter id="47" name="outC" type="52" pointer="true"/>
        </function>
        <function id="48" name="projeto1">
          <parameter id="49" name="inC" type="75" pointer="true"/>
          <parameter id="50" name="outS" type="69" pointer="true"/>
          <parameter id="51" name="outC" type="52" pointer="true"/>
        </function>
        <struct id="52" name="outC_projeto1">
          <field id="53" name="init" type="113" pointer="false"/>
          <field id="54" name="_L1_Toggle_1" type="113" pointer="false"/>
          <field id="55" name="_L1" type="113" pointer="false"/>
          <field id="56" name="Output_Toggle_1" type="113" pointer="false"/>
          <field id="57" name="Input_Toggle_1" type="113" pointer="false"/>
          <field id="58" name="_L2_Toggle_1" type="113" pointer="false"/>
          <field id="59" name="_L3_Toggle_1" type="113" pointer="false"/>
          <field id="60" name="_L4_Toggle_1" type="113" pointer="false"/>
          <field id="61" name="_L3" type="113" pointer="false"/>
          <field id="62" name="_L4" type="113" pointer="false"/>
          <field id="63" name="_L5" type="113" pointer="false"/>
          <field id="64" name="_L6" type="113" pointer="false"/>
          <field id="65" name="_L7" type="106" pointer="false"/>
          <field id="66" name="_L8" type="106" pointer="false"/>
          <field id="67" name="_L9" type="106" pointer="false"/>
          <field id="68" name="_L10" type="113" pointer="false"/>
        </struct>
        <struct id="69" name="outS_projeto1">
          <field id="70" name="ReqLayerVisible" type="113" pointer="true"/>
          <field id="71" name="ReqLayerActive" type="113" pointer="true"/>
          <field id="72" name="SignalToTeam2" type="113" pointer="true"/>
          <field id="73" name="SignalToLED" type="106" pointer="true"/>
          <field id="74" name="EmitToCDS" type="113" pointer="true"/>
        </struct>
        <struct id="75" name="inC_projeto1">
          <field id="76" name="SignalFromButton" type="113" pointer="false"/>
          <field id="77" name="SignalFromTeam2" type="113" pointer="false"/>
        </struct>
      </file>
      <file id="78" name="kcg_types.h">
        <macro id="79" name="kcg_assign_array"/>
        <macro id="80" name="kcg_assign_struct"/>
        <macro id="81" name="kcg_lnot_uint8"/>
        <macro id="82" name="kcg_lnot_uint16"/>
        <macro id="83" name="kcg_lnot_uint32"/>
        <macro id="84" name="kcg_lnot_uint64"/>
        <macro id="85" name="kcg_lsl_uint8"/>
        <macro id="86" name="kcg_lsl_uint16"/>
        <macro id="87" name="kcg_lsl_uint32"/>
        <macro id="88" name="kcg_lsl_uint64"/>
        <macro id="89" name="kcg_true"/>
        <macro id="90" name="kcg_false"/>
        <macro id="91" name="kcg_lit_int8"/>
        <macro id="92" name="kcg_lit_int16"/>
        <macro id="93" name="kcg_lit_int32"/>
        <macro id="94" name="kcg_lit_int64"/>
        <macro id="95" name="kcg_lit_uint8"/>
        <macro id="96" name="kcg_lit_uint16"/>
        <macro id="97" name="kcg_lit_uint32"/>
        <macro id="98" name="kcg_lit_uint64"/>
        <macro id="99" name="kcg_lit_size"/>
        <macro id="100" name="kcg_lit_float64"/>
        <macro id="101" name="kcg_lit_float32"/>
        <predefType id="102" name="kcg_int8"/>
        <predefType id="103" name="kcg_int16"/>
        <predefType id="104" name="kcg_int32"/>
        <predefType id="105" name="kcg_int64"/>
        <predefType id="106" name="kcg_uint8"/>
        <predefType id="107" name="kcg_uint16"/>
        <predefType id="108" name="kcg_uint32"/>
        <predefType id="109" name="kcg_uint64"/>
        <predefType id="110" name="kcg_size"/>
        <predefType id="111" name="kcg_float64"/>
        <predefType id="112" name="kcg_float32"/>
        <predefType id="113" name="kcg_bool"/>
        <predefType id="114" name="kcg_char"/>
        <macro id="115" name="KCG_MAPW_CPY"/>
      </file>
      <file id="116" name="kcg_consts.h">
        <macro id="117" name="GREEN" type="106"/>
        <macro id="118" name="RED" type="106"/>
      </file>
      <file id="119" name="kcg_sensors.h"/>
    </c>
    <map srcId="111" dstId="100" role="wrapped-lit"/>
    <map srcId="112" dstId="101" role="wrapped-lit"/>
    <map srcId="110" dstId="99" role="wrapped-lit"/>
    <map srcId="109" dstId="98" role="wrapped-lit"/>
    <map srcId="109" dstId="84" role="wrapped-lnot"/>
    <map srcId="109" dstId="88" role="wrapped-lsl"/>
    <map srcId="108" dstId="97" role="wrapped-lit"/>
    <map srcId="108" dstId="83" role="wrapped-lnot"/>
    <map srcId="108" dstId="87" role="wrapped-lsl"/>
    <map srcId="107" dstId="96" role="wrapped-lit"/>
    <map srcId="107" dstId="82" role="wrapped-lnot"/>
    <map srcId="107" dstId="86" role="wrapped-lsl"/>
    <map srcId="106" dstId="95" role="wrapped-lit"/>
    <map srcId="106" dstId="81" role="wrapped-lnot"/>
    <map srcId="106" dstId="85" role="wrapped-lsl"/>
    <map srcId="105" dstId="94" role="wrapped-lit"/>
    <map srcId="104" dstId="93" role="wrapped-lit"/>
    <map srcId="103" dstId="92" role="wrapped-lit"/>
    <map srcId="102" dstId="91" role="wrapped-lit"/>
  </generated>
  <map modelId="16" generatedId="45" role="context-parameter"/>
  <map modelId="16" generatedId="44" role="init-method"/>
  <map modelId="16" generatedId="47" role="context-parameter"/>
  <map modelId="16" generatedId="46" role="reset-method"/>
  <map modelId="16" generatedId="50" role="output-struct-parameter"/>
  <map modelId="23" generatedId="74"/>
  <map modelId="22" generatedId="73"/>
  <map modelId="21" generatedId="72"/>
  <map modelId="20" generatedId="71"/>
  <map modelId="19" generatedId="70"/>
  <map modelId="16" generatedId="69" role="output-struct-type"/>
  <map modelId="16" generatedId="49" role="input-struct-parameter"/>
  <map modelId="18" generatedId="77"/>
  <map modelId="17" generatedId="76"/>
  <map modelId="16" generatedId="75" role="input-struct-type"/>
  <map modelId="16" generatedId="51" role="context-parameter"/>
  <map modelId="32" generatedId="68"/>
  <map modelId="31" generatedId="67"/>
  <map modelId="30" generatedId="66"/>
  <map modelId="29" generatedId="65"/>
  <map modelId="28" generatedId="64"/>
  <map modelId="27" generatedId="63"/>
  <map modelId="26" generatedId="62"/>
  <map modelId="25" generatedId="61"/>
  <map modelId="37" generatedId="60"/>
  <map modelId="38" generatedId="59"/>
  <map modelId="39" generatedId="58"/>
  <map modelId="35" generatedId="57"/>
  <map modelId="36" generatedId="56"/>
  <map modelId="24" generatedId="55"/>
  <map modelId="33" generatedId="55" role="memory"/>
  <map modelId="40" generatedId="54"/>
  <map modelId="41" generatedId="54" role="memory"/>
  <map modelId="33" generatedId="53" role="init"/>
  <map modelId="41" generatedId="53" role="init"/>
  <map modelId="16" generatedId="52" role="context-type"/>
  <map modelId="16" generatedId="43" role="interface-file"/>
  <map modelId="16" generatedId="48" role="cycle-method"/>
  <map modelId="15" generatedId="118"/>
  <map modelId="14" generatedId="117"/>
  <map modelId="2" generatedId="114"/>
  <map modelId="1" generatedId="113"/>
  <map modelId="12" generatedId="111"/>
  <map modelId="11" generatedId="112"/>
  <map modelId="13" generatedId="110"/>
  <map modelId="10" generatedId="109"/>
  <map modelId="9" generatedId="108"/>
  <map modelId="8" generatedId="107"/>
  <map modelId="7" generatedId="106"/>
  <map modelId="6" generatedId="105"/>
  <map modelId="5" generatedId="104"/>
  <map modelId="4" generatedId="103"/>
  <map modelId="3" generatedId="102"/>
</mapping>
<!--$******* SCADE Suite KCG 32-bit 6.6.1 beta (build i1) ********
** mapping.xml
** Generation date: 2020-10-28T19:42:45
*************************************************************$-->